"164";"";"";"may2012/IMAG1535.jpg";"1";"6";"0"
"165";"";"";"may2012/IMAG1537.jpg";"1";"6";"0"
"166";"";"";"may2012/IMAG1545.jpg";"1";"6";"0"
"167";"";"";"may2012/IMAG1550.jpg";"1";"6";"0"
"168";"";"";"may2012/IMAG1555.jpg";"1";"6";"0"
"169";"";"";"may2012/IMAG1557.jpg";"1";"6";"0"
"170";"";"";"may2012/IMAG1558.jpg";"1";"6";"0"
"171";"";"";"may2012/IMAG1559.jpg";"1";"6";"0"
"172";"";"";"may2012/IMAG1565.jpg";"1";"6";"0"
"173";"";"";"may2012/IMAG1570.jpg";"1";"6";"0"
"174";"";"";"may2012/IMAG1574.jpg";"1";"6";"0"
"175";"";"";"may2012/IMAG1582.jpg";"1";"6";"0"
"176";"";"";"may2012/IMAG1585.jpg";"1";"6";"0"
"177";"";"";"may2012/IMAG1587.jpg";"1";"6";"0"
"178";"";"";"may2012/IMAG1588.jpg";"1";"6";"0"
"179";"";"";"may2012/IMAG1595.jpg";"1";"6";"0"
"180";"";"";"may2012/IMAG1597.jpg";"1";"6";"0"
"181";"";"";"may2012/IMAG1598.jpg";"1";"6";"0"
"182";"";"";"may2012/IMAG1599.jpg";"1";"6";"0"
"183";"";"";"may2012/IMAG1601.jpg";"1";"6";"0"
"184";"";"";"may2012/IMAG1603.jpg";"1";"6";"0"
"185";"";"";"may2012/IMAG1604.jpg";"1";"6";"0"
"186";"";"";"may2012/IMAG1609.jpg";"1";"6";"0"
"187";"";"";"may2012/IMAG1615.jpg";"1";"6";"0"
"188";"";"";"may2012/IMAG1616.jpg";"1";"6";"0"
"189";"";"";"may2012/IMAG1623.jpg";"1";"6";"0"
"190";"";"";"may2012/IMAG1624.jpg";"1";"6";"0"
"191";"";"";"may2012/IMAG1627.jpg";"1";"6";"0"
"192";"";"";"may2012/IMAG1628.jpg";"1";"6";"0"
"193";"";"";"may2012/IMAG1637.jpg";"1";"6";"0"
"194";"";"";"may2012/IMAG1638.jpg";"1";"6";"0"
"195";"";"";"may2012/IMAG1645.jpg";"1";"6";"0"
"196";"";"";"may2012/IMAG1668.jpg";"1";"6";"0"
"197";"";"";"may2012/IMAG1672.jpg";"1";"6";"0"
"198";"";"";"may2012/IMAG1679.jpg";"1";"6";"0"
"199";"";"";"may2012/IMAG1680.jpg";"1";"6";"0"
"200";"";"";"may2012/IMAG1685.jpg";"1";"6";"0"
"201";"";"";"may2012/IMAG1693.jpg";"1";"6";"0"
"202";"";"";"may2012/IMAG1694.jpg";"1";"6";"0"
"203";"";"";"may2012/IMAG1698.jpg";"1";"6";"0"
"204";"";"";"may2012/IMAG1700.jpg";"1";"6";"0"
"205";"";"";"may2012/IMAG1702.jpg";"1";"6";"0"
"206";"";"";"may2012/IMAG1708.jpg";"1";"6";"0"
"207";"";"";"may2012/IMAG1715.jpg";"1";"6";"0"
"208";"";"";"may2012/IMAG1717.jpg";"1";"6";"0"
"209";"";"";"may2012/IMAG1723.jpg";"1";"6";"0"
"210";"";"";"may2012/IMAG1724.jpg";"1";"6";"0"
"211";"";"";"may2012/IMAG1728.jpg";"1";"6";"0"
"212";"";"";"may2012/IMAG1732.jpg";"1";"6";"0"
"213";"";"";"may2012/IMAG1734.jpg";"1";"6";"0"
"214";"";"";"may2012/IMAG1735.jpg";"1";"6";"0"
"215";"Frankie and Brutus";"Hangin by the coop";"june2012/IMAG1737.jpg";"1";"7";"0"
"216";"Brutus";"doing some construction";"june2012/IMAG1741.jpg";"1";"7";"0"
"217";"Window added";"to the coop!";"june2012/IMAG1743.jpg";"1";"7";"0"
"218";"Llamas hangin out";"by the barn";"june2012/IMAG1744.jpg";"1";"7";"0"
"219";"In da coop";"";"june2012/IMAG1747.jpg";"1";"7";"0"
"220";"Frankie loves him some ";"chicken food!";"june2012/IMAG1749.jpg";"1";"7";"0"
"221";"";"";"june2012/IMAG1750.jpg";"1";"7";"0"
"222";"Greedy for some chicken food!";"";"june2012/IMAG1751.jpg";"1";"7";"0"
"223";"";"";"june2012/IMAG1755.jpg";"1";"7";"0"
"224";"";"";"june2012/IMAG1758.jpg";"1";"7";"0"
